[{"id_cliente": 1, "nombre_cliente": "Juan P\u00c3\u00a9rez", "direccion_envio": "Calle Principal 123, Ciudad A", "correo_electronico": "juan@example.com", "numero_telefono": "123-456-7890"}, {"id_cliente": 2, "nombre_cliente": "Ana G\u00c3\u00b3mez", "direccion_envio": "Avenida Central 456, Ciudad B", "correo_electronico": "ana@example.com", "numero_telefono": "987-654-3210"}, {"id_cliente": 3, "nombre_cliente": "Carlos Rodr\u00c3\u00adguez", "direccion_envio": "Plaza Principal 789, Ciudad C", "correo_electronico": "carlos@example.com", "numero_telefono": "456-789-0123"}, {"id_cliente": 5, "nombre_cliente": "Miguel L\u00c3\u00b3pez", "direccion_envio": "Avenida Principal 567, Ciudad B", "correo_electronico": "miguel@example.com", "numero_telefono": "012-345-6789"}, {"nombre_cliente": "Pablo rufo", "direccion_envio": "Calle Principal 123, Ciudad J", "correo_electronico": "pablo@example.com", "numero_telefono": "123-456-9999", "id_cliente": 6}, {"nombre_cliente": "Maria rufo", "direccion_envio": "Calle Principal 123, Ciudad J", "correo_electronico": "pablo@example.com", "numero_telefono": "123-456-9999", "id_cliente": 7}]